pid,ssn,pname,dob,phone,address_1,address_2,city,state,zip_code,email
1,1122334455,"User 01","1954-03-23","6097160001","user 1 address",null,null,"NJ","08512", "user_1@gmail.com"
2,1122334455,"User 02","1964-05-03","6097160002","user 2 address",null,null,"NJ","07087", "user_2@gmail.com"
3,1122334455,"User 03","1961-07-01","6097160003","user 3 address",null,null,"NJ","08550", "user_3@gmail.com"
4,1122334455,"User 04","1963-10-21","6097160004","user 4 address",null,null,"NJ","08611", "user_4@gmail.com"
5,1122334455,"User 05","1974-09-03","6097160005","user 5 address",null,null,"NJ","08818", "user_5@gmail.com"
6,1122334455,"User 06","1972-12-23","6097160006","user 6 address",null,null,"NJ","08645", "user_6@gmail.com"
7,1122334455,"User 07","1978-01-15","6097160007","user 7 address",null,null,"NJ","08545", "user_7@gmail.com"
8,1122334455,"User 08","1980-02-28","6097160008","user 8 address",null,null,"NJ","07205", "user_8@gmail.com"
9,1122334455,"User 09","1954-01-28","6097160009","user 9 address",null,null,"NJ","08534", "user_9@gmail.com"
10,1122334455,"User 10","1983-01-18","6097160010","user 10 address",null,null,"NJ","08536", "user_10@gmail.com"
11,1122334455,"User 11","1954-03-21","6097160011","user 11 address",null,null,"NJ","08512", "user_11@gmail.com"
12,1122334455,"User 12","1964-05-13","6097160012","user 12 address",null,null,"NJ","07087", "user_12@gmail.com"
13,1122334455,"User 13","1961-07-09","6097160013","user 13 address",null,null,"NJ","08550", "user_13@gmail.com"
14,1122334455,"User 14","1963-10-29","6097160014","user 14 address",null,null,"NJ","08611", "user_14@gmail.com"
15,1122334455,"User 15","1974-09-09","6097160015","user 15 address",null,null,"NJ","08818", "user_15@gmail.com"
16,1122334455,"User 16","1972-12-29","6097160016","user 16 address",null,null,"NJ","08645", "user_16@gmail.com"
17,1122334455,"User 17","1978-01-19","6097160017","user 17 address",null,null,"NJ","08545", "user_17@gmail.com"
18,1122334455,"User 18","1980-02-21","6097160018","user 18 address",null,null,"NJ","07205", "user_18@gmail.com"
19,1122334455,"User 19","1954-01-29","6097160019","user 19 address",null,null,"NJ","08534", "user_19@gmail.com"
20,1122334455,"User 20","1983-01-19","6097160020","user 20 address",null,null,"NJ","08536", "user_20@gmail.com"
